Workbook

Sheet Oferta
A1: FAPO POLSKA
A2: Katalog części i kalkulacja oferty
A4: Data przygotowania | B4: 2026-05-25
A5: Liczba produktów w katalogu | B5: 629
A6: Waluta | B6: PLN
A7: Źródło danych | B7: assets/data/products.json
A8: Kontakt handlowy | B8: office@fapomoto.pl | info@fapomoto.pl
A9: Kalkulacja klienta | B9: Wartość
A10: Wybrane pozycje | B10: =COUNTIF('Katalog i kalkulacja'!$I$2:$I$630,">0")
A11: Łączna ilość | B11: =SUM('Katalog i kalkulacja'!$I$2:$I$630)
A12: Suma katalogowa PLN | B12: =SUMPRODUCT('Katalog i kalkulacja'!$F$2:$F$630,'Katalog i kalkulacja'!$I$2:$I$630)
A13: Suma po rabatach PLN | B13: =SUM('Katalog i kalkulacja'!$J$2:$J$630)
A16: Kategoria | B16: Liczba produktów | C16: Cena min PLN | D16: Cena średnia PLN | E16: Cena max PLN | F16: Wartość wybrana PLN
A17: Chassis | B17: 20 | C17: 184 | D17: 588.15 | E17: 2312 | F17: =SUMIF('Katalog i kalkulacja'!$D:$D,A17,'Katalog i kalkulacja'!$J:$J)
A18: Coilovers | B18: 397 | C18: 66 | D18: 1994.37 | E18: 6284 | F18: =SUMIF('Katalog i kalkulacja'!$D:$D,A18,'Katalog i kalkulacja'!$J:$J)
A19: Exhaust | B19: 52 | C19: 232 | D19: 1228.6 | E19: 3305 | F19: =SUMIF('Katalog i kalkulacja'!$D:$D,A19,'Katalog i kalkulacja'!$J:$J)
A20: Off-Road | B20: 120 | C20: 184 | D20: 767.28 | E20: 3310 | F20: =SUMIF('Katalog i kalkulacja'!$D:$D,A20,'Katalog i kalkulacja'!$J:$J)
A21: Performance | B21: 20 | C21: 170 | D21: 1134.7 | E21: 3778 | F21: =SUMIF('Katalog i kalkulacja'!$D:$D,A21,'Katalog i kalkulacja'!$J:$J)
A22: Turbo | B22: 20 | C22: 137 | D22: 2210.85 | E22: 4251 | F22: =SUMIF('Katalog i kalkulacja'!$D:$D,A22,'Katalog i kalkulacja'!$J:$J)

Sheet Katalog i kalkulacja
A1: LP | B1: ID | C1: SKU | D1: Kategoria | E1: Nazwa produktu | F1: Cena katalogowa PLN | G1: Rabat % | H1: Cena po rabacie PLN | I1: Ilość | J1: Wartość PLN | K1: Link produktu FAPO PL | L1: Link zdjęcia | M1: Liczba zdjęć | N1: Źródło | O1: Uwagi
A2: 1 | B2: p0144 | C2: FZ009010 | D2: Chassis | E2: Rear Camber Lateral Control Arm FOR 02-07 93-01 IMPREZA WRX STi GD/GG 6PCS FZ009010 | F2: 1272 | G2: 0 | H2: =ROUND(F2*(1-G2),2) | I2: 0 | J2: =ROUND(H2*I2,2) | K2: https://fapomoto.pl/produkty/p0144-fz009010-rear-camber-lateral-control-arm-for-02-07-93-01-impreza-wrx-sti-gd-gg-6pcs-fz009010.html | L2: https://cdn.shopify.com/s/files/1/0764/7258/2395/files/687cba68d798e4bd.jpg?v=1751438190 | M2: 8 | N2: fapomoto
A3: 2 | B3: p0086 | C3: FZ031010 | D3: Chassis | E3: Front Extended Stainless Steel Brake Lines For Ford F-150 XLT Bronco 1980-1996 | F3: 184 | G3: 0 | H3: =ROUND(F3*(1-G3),2) | I3: 0 | J3: =ROUND(H3*I3,2) | K3: https://fapomoto.pl/produkty/p0086-fz031010-front-extended-stainless-steel-brake-lines-for-ford-f-150-xlt-bronco-1980-1996.html | L3: https://cdn.shopify.com/s/files/1/0764/7258/2395/files/f2019038e1923bfb.jpg?v=1751436475 | M3: 3 | N3: fapomoto
A4: 3 | B4: p0088 | C4: FZ033010 | D4: Chassis | E4: Rear Extended Stainless Steel Brake Line For Ford F-150 XLT Bronco 1980-1996 | F4: 184 | G4: 0 | H4: =ROUND(F4*(1-G4),2) | I4: 0 | J4: =ROUND(H4*I4,2) | K4: https://fapomoto.pl/produkty/p0088-fz033010-rear-extended-stainless-steel-brake-line-for-ford-f-150-xlt-bronco-1980-1996.html | L4: https://cdn.shopify.com/s/files/1/0764/7258/2395/files/49c3b012df6f1e4d.jpg?v=1751436493 | M4: 3 | N4: fapomoto
A5: 4 | B5: p0084 | C5: FZ034010 | D5: Chassis | E5: FAPO Front 4-6" Extended Brake Lines For Chevy C K 10 20 30 K5 Blazer 1971-1978 | F5: 232 | G5: 0 | H5: =ROUND(F5*(1-G5),2) | I5: 0 | J5: =ROUND(H5*I5,2) | K5: https://fapomoto.pl/produkty/p0084-fz034010-fapo-front-4-6-extended-brake-lines-for-chevy-c-k-10-20-30-k5-blazer-1971-1978.html | L5: https://cdn.shopify.com/s/files/1/0764/7258/2395/files/b49220ac45a6a65e.jpg?v=1751436466 | M5: 3 | N5: fapomoto
A6: 5 | B6: p0579 | C6: FZ042640 | D6: Chassis | E6: FAPO Front Lower Control Arms for Honda Civic EG/EH/EJ 1992-1995 Integra DC2 1994-2001 FZ042640 | F6: 563 | G6: 0 | H6: =ROUND(F6*(1-G6),2) | I6: 0 | J6: =ROUND(H6*I6,2) | K6: https://fapomoto.pl/produkty/p0579-fz042640-fapo-front-lower-control-arms-for-honda-civic-eg-eh-ej-1992-1995-integra-dc2-1994-2001-fz042640.html | L6: https://cdn.shopify.com/s/files/1/0764/7258/2395/files/FZ042640_1.jpg?v=1773295182 | M6: 8 | N6: fapomoto
A7: 6 | B7: p0578 | C7: FZ042670 | D7: Chassis | E7: FAPO Front Lower Control Arms for Honda Civic EG/EH/EJ 92-95 Integra DC2 94-01 FZ042670 | F7: 563 | G7: 0 | H7: =ROUND(F7*(1-G7),2) | I7: 0 | J7: =ROUND(H7*I7,2) | K7: https://fapomoto.pl/produkty/p0578-fz042670-fapo-front-lower-control-arms-for-honda-civic-eg-eh-ej-92-95-integra-dc2-94-01-fz042670.html | L7: https://cdn.shopify.com/s/files/1/0764/7258/2395/files/FZ042670_1.jpg?v=1773294945 | M7: 8 | N7: fapomoto
A8: 7 | B8: p0075 | C8: FZ071310 | D8: Chassis | E8: Rear Extended Stainless Steel Brake Line For Ford F-250 F-350 Super Duty 99-04 | F8: 184 | G8: 0 | H8: =ROUND(F8*(1-G8),2) | I8: 0 | J8: =ROUND(H8*I8,2) | K8: https://fapomoto.pl/produkty/p0075-fz071310-rear-extended-stainless-steel-brake-line-for-ford-f-250-f-350-super-duty-99-04.html | L8: https://cdn.shopify.com/s/files/1/0764/7258/2395/files/a7a5986997151216.jpg?v=1751436391 | M8: 3 | N8: fapomoto
A9: 8 | B9: p0591 | C9: PZ001120 | D9: Chassis | E9: FAPO Rear Adjustable Lower Control Arm kit for Nissan S14 S15 240SX 200SX PZ001120 | F9: 894 | G9: 0 | H9: =ROUND(F9*(1-G9),2) | I9: 0 | J9: =ROUND(H9*I9,2) | K9: https://fapomoto.pl/produkty/p0591-pz001120-fapo-rear-adjustable-lower-control-arm-kit-for-nissan-s14-s15-240sx-200sx-pz001120.html | L9: https://cdn.shopify.com/s/files/1/0764/7258/2395/files/PZ001120_1.jpg?v=1773976223 | M9: 8 | N9: fapomoto
A10: 9 | B10: p0573 | C10: PZ002810 | D10: Chassis | E10: Black Rear Lower Control Arms for 88-95 Honda Civic EF9 EG6 94-01 Integra PZ002810 | F10: 515 | G10: 0 | H10: =ROUND(F10*(1-G10),2) | I10: 0 | J10: =ROUND(H10*I10,2) | K10: https://fapomoto.pl/produkty/p0573-pz002810-black-rear-lower-control-arms-for-88-95-honda-civic-ef9-eg6-94-01-integra-pz002810.html | L10: https://cdn.shopify.com/s/files/1/0764/7258/2395/files/PZ002810_1.jpg?v=1773293036 | M10: 6 | N10: fapomoto
A11: 10 | B11: p0062 | C11: PZ006110 | D11: Chassis | E11: Rear Adjustable Camber Arm For 92-06 BMW 3- Series E36 E46 X3 E83 04-10 PZ006110 | F11: 402 | G11: 0 | H11: =ROUND(F11*(1-G11),2) | I11: 0 | J11: =ROUND(H11*I11,2) | K11: https://fapomoto.pl/produkty/p0062-pz006110-rear-adjustable-camber-arm-for-92-06-bmw-3-series-e36-e46-x3-e83-04-10-pz006110.html | L11: https://cdn.shopify.com/s/files/1/0764/7258/2395/files/de3d2cd3c7b24483.jpg?v=1751435528 | M11: 6 | N11: fapomoto
A12: 11 | B12: p0089 | C12: PZ006210 | D12: Chassis | E12: Fapo E36 Angle Kit Drift Front Lower Control Arm for BMW E36 PZ006210 | F12: 2312 | G12: 0 | H12: =ROUND(F12*(1-G12),2) | I12: 0 | J12: =ROUND(H12*I12,2) | K12: https://fapomoto.pl/produkty/p0089-pz006210-fapo-e36-angle-kit-drift-front-lower-control-arm-for-bmw-e36-pz006210.html | L12: https://cdn.shopify.com/s/files/1/0764/7258/2395/files/a765d0a8cfa7b0db.jpg?v=1751436500 | M12: 6 | N12: fapomoto
A13: 12 | B13: p0065 | C13: PZ006310 | D13: Chassis | E13: Front Steering Drift Lower Control Arm Wide Angle Kit For BMW E46 PZ006310 | F13: 2123 | G13: 0 | H13: =ROUND(F13*(1-G13),2) | I13: 0 | J13: =ROUND(H13*I13,2) | K13: https://fapomoto.pl/produkty/p0065-pz006310-front-steering-drift-lower-control-arm-wide-angle-kit-for-bmw-e46-pz006310.html | L13: https://cdn.shopify.com/s/files/1/0764/7258/2395/files/f2ca558a09cce77e.jpg?v=1756367177 | M13: 8 | N13: fapomoto
... A15: 14 | B15: p0577 | C15: PZ282010 | D15: Chassis | E15: Front Stabilizer Sway Bar End Link For Mercedes Benz W203 2000-07 CLK W209 2002-2009 PZ282010 | F15: 260 | G15: 0 | H15: =ROUND(F15*(1-G15),2) | I15: 0 | J15: =ROUND(H15*I15,2) | K15: https://fapomoto.pl/produkty/p0577-pz282010-front-stabilizer-sway-bar-end-link-for-mercedes-benz-w203-2000-07-clk-w209-2002-2009-pz282010.html | L15: https://cdn.shopify.com/s/files/1/0764/7258/2395/files/DSC03831.jpg?v=1773294486 | M15: 4 | N15: fapomoto
A16: 15 | B16: p0206 | C16: PZ282510 | D16: Chassis | E16: Front Stabilizer Sway Bar End Links For Honda civic 12-15 Mini Cooper R56 06-13 | F16: 255 | G16: 0 | H16: =ROUND(F16*(1-G16),2) | I16: 0 | J16: =ROUND(H16*I16,2) | K16: https://fapomoto.pl/produkty/p0206-pz282510-front-stabilizer-sway-bar-end-links-for-honda-civic-12-15-mini-cooper-r56-06-13.html | M16: 0 | N16: fapomoto
A17: 16 | B17: p0205 | C17: PZ283010 | D17: Chassis | E17: Front Stabilizer Sway Bar End Links For Chevrolet Camaro 10-15 Honda Civic 16-21 | F17: 255 | G17: 0 | H17: =ROUND(F17*(1-G17),2) | I17: 0 | J17: =ROUND(H17*I17,2) | K17: https://fapomoto.pl/produkty/p0205-pz283010-front-stabilizer-sway-bar-end-links-for-chevrolet-camaro-10-15-honda-civic-16-21.html | L17: https://cdn.shopify.com/s/files/1/0764/7258/2395/files/PZ283010_3.jpg?v=1754384294 | M17: 8 | N17: fapomoto
A18: 17 | B18: p0207 | C18: PZ292510 | D18: Chassis | E18: Front Stabilizer Sway Bar End Links For Hyundai Veloster 12-17 | F18: 255 | G18: 0 | H18: =ROUND(F18*(1-G18),2) | I18: 0 | J18: =ROUND(H18*I18,2) | K18: https://fapomoto.pl/produkty/p0207-pz292510-front-stabilizer-sway-bar-end-links-for-hyundai-veloster-12-17.html | L18: https://cdn.shopify.com/s/files/1/0764/7258/2395/files/PZ292510_4.jpg?v=1754384284 | M18: 8 | N18: fapomoto
A19: 18 | B19: p0208 | C19: PZ292710 | D19: Chassis | E19: Front Stabilizer Sway Bar End Links For Honda CRV CR-V RE 07-11 | F19: 255 | G19: 0 | H19: =ROUND(F19*(1-G19),2) | I19: 0 | J19: =ROUND(H19*I19,2) | K19: https://fapomoto.pl/produkty/p0208-pz292710-front-stabilizer-sway-bar-end-links-for-honda-crv-cr-v-re-07-11.html | L19: https://cdn.shopify.com/s/files/1/0764/7258/2395/files/PZ292710_3.jpg?v=1754384129 | M19: 8 | N19: fapomoto
A20: 19 | B20: p0209 | C20: PZ293010 | D20: Chassis | E20: Front Stabilizer Sway Bar End Links For Volkswagen Jetta MK5 MK6 FWD 06-17 | F20: 260 | G20: 0 | H20: =ROUND(F20*(1-G20),2) | I20: 0 | J20: =ROUND(H20*I20,2) | K20: https://fapomoto.pl/produkty/p0209-pz293010-front-stabilizer-sway-bar-end-links-for-volkswagen-jetta-mk5-mk6-fwd-06-17.html | M20: 0 | N20: fapomoto
A21: 20 | B21: p0593 | C21: PZ701210 | D21: Chassis | E21: FAPO 2 Pcs of Rear Toe Control Arm for Nissan 240SX/200SX S14/S15 1995-2002 PZ701210 | F21: 421 | G21: 0 | H21: =ROUND(F21*(1-G21),2) | I21: 0 | J21: =ROUND(H21*I21,2) | K21: https://fapomoto.pl/produkty/p0593-pz701210-fapo-2-pcs-of-rear-toe-control-arm-for-nissan-240sx-200sx-s14-s15-1995-2002-pz701210.html | L21: https://cdn.shopify.com/s/files/1/0764/7258/2395/files/DSC04426.jpg?v=1773976789 | M21: 6 | N21: fapomoto
A22: 21 | B22: p0627 | C22: 420071149261290374810320042920 | D22: Coilovers | E22: Open Box Special:32-Level Damping Coilover for Pontiac G8 2008-2009 sedan & Holden Caprice 3rd Gen VM 2006-2013 PF008030 | F22: 2265 | G22: 0 | H22: =ROUND(F22*(1-G22),2) | I22: 0 | J22: =ROUND(H22*I22,2) | K22: https://fapomoto.pl/produkty/p0627-420071149261290374810320042920-open-box-special-32-level-damping-coilover-for-pontiac-g8-2008-2009-sedan-holden-caprice-3rd-gen.html | L22: https://cdn.shopify.com/s/files/1/0764/7258/2395/files/pf_1288fa20-0054-426a-b514-c819489d155f.jpg?v=1777514428 | M22: 9 | N22: fapomoto
A23: 22 | B23: p0376 | C23: AE92 | D23: Coilovers | E23: 32-Level Damping Coilover For Toyota Corolla 6th/7th Gen AE92/AE100/AE101 1987-2000 PF005520 | F23: 2596 | G23: 0 | H23: =ROUND(F23*(1-G23),2) | I23: 0 | J23: =ROUND(H23*I23,2) | K23: https://fapomoto.pl/produkty/p0376-ae92-32-level-damping-coilover-for-toyota-corolla-6th-7th-gen-ae92-ae100-ae101-1987-2000-pf005520.html | L23: https://cdn.shopify.com/s/files/1/0764/7258/2395/files/2.png?v=1768469956 | M23: 6 | N23: fapomoto
A24: 23 | B24: p0504 | C24: AE92 | D24: Coilovers | E24: 32-Level Damping Coilover For Toyota Corolla 6th/7th/8th Gen AE92/AE100/AE101/AE102/AE110/AE111 1987-2000 PF005530 | F24: 2643 | G24: 0 | H24: =ROUND(F24*(1-G24),2) | I24: 0 | J24: =ROUND(H24*I24,2) | K24: https://fapomoto.pl/produkty/p0504-ae92-32-level-damping-coilover-for-toyota-corolla-6th-7th-8th-gen-ae92-ae100-ae101-ae102-ae110-ae111-.html | L24: https://cdn.shopify.com/s/files/1/0764/7258/2395/files/1_cdddadd6-1f87-4c54-bba3-72e97ae0cdd4.png?v=1768459195 | M24: 8 | N24: fapomoto
A25: 24 | B25: p0047 | C25: AGT20 | D25: Coilovers | E25: Coilover for Scion TC 2011-2016 AGT20/Toyota Prius 2008-2015 PS065610 | F25: 1603 | G25: 0 | H25: =ROUND(F25*(1-G25),2) | I25: 0 | J25: =ROUND(H25*I25,2) | K25: https://fapomoto.pl/produkty/p0047-agt20-coilover-for-scion-tc-2011-2016-agt20-toyota-prius-2008-2015-ps065610.html | L25: https://cdn.shopify.com/s/files/1/0764/7258/2395/files/c1d7ced95303c5c1.jpg?v=1756719643 | M25: 6 | N25: fapomoto
A26: 25 | B26: p0362 | C26: CV36 | D26: Coilovers | E26: 32-Level Damping Coilover For Infiniti G35X AWD V36 / G37X AWD / Q60 AWD V36/CV36 PF008630 | F26: 2170 | G26: 0 | H26: =ROUND(F26*(1-G26),2) | I26: 0 | J26: =ROUND(H26*I26,2) | K26: https://fapomoto.pl/produkty/p0362-cv36-32-level-damping-coilover-for-infiniti-g35x-awd-v36-g37x-awd-q60-awd-v36-cv36-pf008630.html | L26: https://cdn.shopify.com/s/files/1/0764/7258/2395/files/best_coilover_under_1000_1000x_4a784f7a-7fc3-42ff-b556-80ef0005e0dc.jpg?v=1767160823 | M26: 1 | N26: fapomoto
A27: 26 | B27: p0339 | C27: CV36 | D27: Coilovers | E27: 32-Level Damping Coilover for 2003-2015 Infiniti G35X G37X M35X M45X Q40 Q60 AWD V36/CV36 PF008620 | F27: 2170 | G27: 0 | H27: =ROUND(F27*(1-G27),2) | I27: 0 | J27: =ROUND(H27*I27,2) | K27: https://fapomoto.pl/produkty/p0339-cv36-32-level-damping-coilover-for-2003-2015-infiniti-g35x-g37x-m35x-m45x-q40-q60-awd-v36-cv36-pf0086.html | L27: https://cdn.shopify.com/s/files/1/0764/7258/2395/files/best_coilover_under_1000_812c1f23-5ec3-4909-b464-f4ac42e7ec2f.jpg?v=1770709215 | M27: 1 | N27: fapomoto
A28: 27 | B28: p0231 | C28: ES300 | D28: Coilovers | E28: 32-Level Damping Coilover for 1992-2004 Toyota Camry Avalon Solara / Lexus ES300 PF035520 | F28: 2360 | G28: 0 | H28: =ROUND(F28*(1-G28),2) | I28: 0 | J28: =ROUND(H28*I28,2) | K28: https://fapomoto.pl/produkty/p0231-es300-32-level-damping-coilover-for-1992-2004-toyota-camry-avalon-solara-lexus-es300-pf035520.html | L28: https://cdn.shopify.com/s/files/1/0764/7258/2395/files/25035308.jpg?v=1758618922 | M28: 8 | N28: fapomoto
A29: 28 | B29: p0368 | C29: EX25 | D29: Coilovers | E29: 32-Level Damping Coilover For Infiniti EX25 / G37 Convertible V36 / Q60 Convertible CV36/V36 PF034730 | F29: 2360 | G29: 0 | H29: =ROUND(F29*(1-G29),2) | I29: 0 | J29: =ROUND(H29*I29,2) | K29: https://fapomoto.pl/produkty/p0368-ex25-32-level-damping-coilover-for-infiniti-ex25-g37-convertible-v36-q60-convertible-cv36-v36-pf03473.html | L29: https://cdn.shopify.com/s/files/1/0764/7258/2395/files/2.png?v=1768469956 | M29: 3 | N29: fapomoto
A30: 29 | B30: p0521 | C30: FR072010 | D30: Coilovers | E30: FAPO Front 2" Leveling Lift Strut Spacers For Toyota Tundra 2007-2021 | F30: 99 | G30: 0 | H30: =ROUND(F30*(1-G30),2) | I30: 0 | J30: =ROUND(H30*I30,2) | K30: https://fapomoto.pl/produkty/p0521-fr072010-fapo-front-2-leveling-lift-strut-spacers-for-toyota-tundra-2007-2021.html | L30: https://cdn.shopify.com/s/files/1/0764/7258/2395/files/FR072010_8.jpg?v=1768638745 | M30: 9 | N30: fapomoto
A31: 30 | B31: p0511 | C31: FR072510 | D31: Coilovers | E31: FAPO Front 2.5" Leveling Lift Strut Spacers For Toyota Tundra 2007-2021 | F31: 279 | G31: 0 | H31: =ROUND(F31*(1-G31),2) | I31: 0 | J31: =ROUND(H31*I31,2) | K31: https://fapomoto.pl/produkty/p0511-fr072510-fapo-front-2-5-leveling-lift-strut-spacers-for-toyota-tundra-2007-2021.html | L31: https://cdn.shopify.com/s/files/1/0764/7258/2395/files/FR072510_1.jpg?v=1768552713 | M31: 8 | N31: fapomoto
A32: 31 | B32: p0517 | C32: FR073010 | D32: Coilovers | E32: Share FAPO Front 3" Leveling Lift Strut Spacers For Toyota Tundra 2007-2021 | F32: 279 | G32: 0 | H32: =ROUND(F32*(1-G32),2) | I32: 0 | J32: =ROUND(H32*I32,2) | K32: https://fapomoto.pl/produkty/p0517-fr073010-share-fapo-front-3-leveling-lift-strut-spacers-for-toyota-tundra-2007-2021.html | L32: https://cdn.shopify.com/s/files/1/0764/7258/2395/files/FR073010_1.jpg?v=1768620151 | M32: 9 | N32: fapomoto
... A545: 544 | B545: p0298 | C545: PA291930 | D545: Off-Road | E545: 8-Stage Front 4-6 in Lift Shocks for 2007-2018 Jeep Wrangler PA291930 | F545: 705 | G545: 0 | H545: =ROUND(F545*(1-G545),2) | I545: 0 | J545: =ROUND(H545*I545,2) | K545: https://fapomoto.pl/produkty/p0298-pa291930-8-stage-front-4-6-in-lift-shocks-for-2007-2018-jeep-wrangler-pa291930.html | L545: https://cdn.shopify.com/s/files/1/0764/7258/2395/files/10_45.jpg?v=1760145971 | M545: 9 | N545: fapomoto
A546: 545 | B546: p0316 | C546: PA291950 | D546: Off-Road | E546: Front 9-Way Monotube Shocks for Jeep Wrangler JK 2007-2018 (4-6 in Lift) PA291950 | F546: 1745 | G546: 0 | H546: =ROUND(F546*(1-G546),2) | I546: 0 | J546: =ROUND(H546*I546,2) | K546: https://fapomoto.pl/produkty/p0316-pa291950-front-9-way-monotube-shocks-for-jeep-wrangler-jk-2007-2018-4-6-in-lift-pa291950.html | M546: 0 | N546: fapomoto
A547: 546 | B547: p0267 | C547: PA292110 | D547: Off-Road | E547: FAPO Rear 0-1 in Lift Shocks for 2005-2021 Nissan Frontier Terra PA292110 | F547: 515 | G547: 0 | H547: =ROUND(F547*(1-G547),2) | I547: 0 | J547: =ROUND(H547*I547,2) | K547: https://fapomoto.pl/produkty/p0267-pa292110-fapo-rear-0-1-in-lift-shocks-for-2005-2021-nissan-frontier-terra-pa292110.html | L547: https://cdn.shopify.com/s/files/1/0764/7258/2395/files/10_15.jpg?v=1760146317 | M547: 10 | N547: fapomoto
A548: 547 | B548: p0268 | C548: PA292111 | D548: Off-Road | E548: FAPO Rear 0-3.5 in Lift Shocks for 2005-2022 Nissan Frontier PA292111 | F548: 515 | G548: 0 | H548: =ROUND(F548*(1-G548),2) | I548: 0 | J548: =ROUND(H548*I548,2) | K548: https://fapomoto.pl/produkty/p0268-pa292111-fapo-rear-0-3-5-in-lift-shocks-for-2005-2022-nissan-frontier-pa292111.html | L548: https://cdn.shopify.com/s/files/1/0764/7258/2395/files/PA292111_4.jpg?v=1760146286 | M548: 17 | N548: fapomoto
A549: 548 | B549: p0299 | C549: PA292130 | D549: Off-Road | E549: 8-Stage Rear 0-1 in Lift Shocks for 2005-2021 Nissan Frontier Terra PA292130 | F549: 705 | G549: 0 | H549: =ROUND(F549*(1-G549),2) | I549: 0 | J549: =ROUND(H549*I549,2) | K549: https://fapomoto.pl/produkty/p0299-pa292130-8-stage-rear-0-1-in-lift-shocks-for-2005-2021-nissan-frontier-terra-pa292130.html | L549: https://cdn.shopify.com/s/files/1/0764/7258/2395/files/10_40.jpg?v=1760145952 | M549: 9 | N549: fapomoto
A550: 549 | B550: p0300 | C550: PA292131 | D550: Off-Road | E550: 8-Stage Rear 0-3.5 in Lift Shocks for 2005-2022 Nissan Frontier PA292131 | F550: 705 | G550: 0 | H550: =ROUND(F550*(1-G550),2) | I550: 0 | J550: =ROUND(H550*I550,2) | K550: https://fapomoto.pl/produkty/p0300-pa292131-8-stage-rear-0-3-5-in-lift-shocks-for-2005-2022-nissan-frontier-pa292131.html | L550: https://cdn.shopify.com/s/files/1/0764/7258/2395/files/PA292131_1.jpg?v=1759197339 | M550: 15 | N550: fapomoto
A551: 550 | B551: p0269 | C551: PA292410 | D551: Off-Road | E551: FAPO Rear 2-3 in Lift Shocks for 2003-2021 Toyota Land Cruiser Prado 4Runner FJ CRUISER PA292410 | F551: 563 | G551: 0 | H551: =ROUND(F551*(1-G551),2) | I551: 0 | J551: =ROUND(H551*I551,2) | K551: https://fapomoto.pl/produkty/p0269-pa292410-fapo-rear-2-3-in-lift-shocks-for-2003-2021-toyota-land-cruiser-prado-4runner-fj-cruiser-pa292410.html | L551: https://cdn.shopify.com/s/files/1/0764/7258/2395/files/PA292410_1_66b00163-af2c-4384-a674-2831790adef6.jpg?v=1760074784 | M551: 17 | N551: fapomoto
A552: 551 | B552: p0301 | C552: PA292430 | D552: Off-Road | E552: 8-Stage Rear 2-3 in Lift Shocks for 2003-2021 Toyota Land Cruiser Prado 4Runner FJ CRUISER PA292430 | F552: 705 | G552: 0 | H552: =ROUND(F552*(1-G552),2) | I552: 0 | J552: =ROUND(H552*I552,2) | K552: https://fapomoto.pl/produkty/p0301-pa292430-8-stage-rear-2-3-in-lift-shocks-for-2003-2021-toyota-land-cruiser-prado-4runner-fj-cruiser-pa292.html | L552: https://cdn.shopify.com/s/files/1/0764/7258/2395/files/PA292430_2.jpg?v=1759198206 | M552: 15 | N552: fapomoto
A553: 552 | B553: p0097 | C553: PA360610 | D553: Off-Road | E553: P1 Off-road Front Shock for JEEP WRANGLER JK two doors 2007-2018 3-4.5 in lift PA360610 | F553: 515 | G553: 0 | H553: =ROUND(F553*(1-G553),2) | I553: 0 | J553: =ROUND(H553*I553,2) | K553: https://fapomoto.pl/produkty/p0097-pa360610-p1-off-road-front-shock-for-jeep-wrangler-jk-two-doors-2007-2018-3-4-5-in-lift-pa360610.html | L553: https://cdn.shopify.com/s/files/1/0764/7258/2395/files/7423b917921c66ae.jpg?v=1760147038 | M553: 11 | N553: fapomoto
A554: 553 | B554: p0351 | C554: PA360630 | D554: Off-Road | E554: 8-Stage Front 3-4.5 in Lift Shocks for 2007-2018 Jeep Wrangler JK 2Pcs Set PA360630 | F554: 752 | G554: 0 | H554: =ROUND(F554*(1-G554),2) | I554: 0 | J554: =ROUND(H554*I554,2) | K554: https://fapomoto.pl/produkty/p0351-pa360630-8-stage-front-3-4-5-in-lift-shocks-for-2007-2018-jeep-wrangler-jk-2pcs-set-pa360630.html | L554: https://cdn.shopify.com/s/files/1/0764/7258/2395/files/PA360630_0004_61XdVXrvzHL._AC_SL1500.jpg?v=1762415439 | M554: 10 | N554: fapomoto
A555: 554 | B555: p0353 | C555: PA360630 | D555: Off-Road | E555: 8-Stage Full Set 3-4.5 in Lift Shocks for 2007-2018 Jeep Wrangler JK 4Pcs Set ‎PA360630 PA660630 | F555: 752 | G555: 0 | H555: =ROUND(F555*(1-G555),2) | I555: 0 | J555: =ROUND(H555*I555,2) | K555: https://fapomoto.pl/produkty/p0353-pa360630-8-stage-full-set-3-4-5-in-lift-shocks-for-2007-2018-jeep-wrangler-jk-4pcs-set-pa360630-pa660630.html | L555: https://cdn.shopify.com/s/files/1/0764/7258/2395/files/10_21_697efee4-c50b-4a51-aaa5-ce18a8755a30.jpg?v=1762417848 | M555: 10 | N555: fapomoto
A556: 555 | B556: p0270 | C556: PA360710 | D556: Off-Road | E556: FAPO Front 4-6.5 in Lift Shocks for 1984-2006 Jeep Cherokee Wrangler PA360710 | F556: 515 | G556: 0 | H556: =ROUND(F556*(1-G556),2) | I556: 0 | J556: =ROUND(H556*I556,2) | K556: https://fapomoto.pl/produkty/p0270-pa360710-fapo-front-4-6-5-in-lift-shocks-for-1984-2006-jeep-cherokee-wrangler-pa360710.html | L556: https://cdn.shopify.com/s/files/1/0764/7258/2395/files/PA360710_1.jpg?v=1760146270 | M556: 17 | N556: fapomoto
A557: 556 | B557: p0271 | C557: PA364610 | D557: Off-Road | E557: FAPO Rear 3.5-6 in Lift Shocks for 1997-2006 Jeep Wrangler PA364610 | F557: 515 | G557: 0 | H557: =ROUND(F557*(1-G557),2) | I557: 0 | J557: =ROUND(H557*I557,2) | K557: https://fapomoto.pl/produkty/p0271-pa364610-fapo-rear-3-5-6-in-lift-shocks-for-1997-2006-jeep-wrangler-pa364610.html | L557: https://cdn.shopify.com/s/files/1/0764/7258/2395/files/PA364610_1_2d5b60b2-7fc9-41c2-88ab-8addd9f76943.jpg?v=1760074717 | M557: 17 | N557: fapomoto
A558: 557 | B558: p0272 | C558: PA390513 | D558: Off-Road | E558: FAPO Rear 2-3 in Lift Shocks for 2002-2008 Dodge RAM 1500 PA390513 | F558: 515 | G558: 0 | H558: =ROUND(F558*(1-G558),2) | I558: 0 | J558: =ROUND(H558*I558,2) | K558: https://fapomoto.pl/produkty/p0272-pa390513-fapo-rear-2-3-in-lift-shocks-for-2002-2008-dodge-ram-1500-pa390513.html | L558: https://cdn.shopify.com/s/files/1/0764/7258/2395/files/PA390513_3.jpg?v=1760146253 | M558: 17 | N558: fapomoto
... A567: 566 | B567: p0306 | C567: PA491930 | D567: Off-Road | E567: 8-Stage Rear 4-6 in Lift Shocks for 2007-2018 Jeep Wrangler PA491930 | F567: 752 | G567: 0 | H567: =ROUND(F567*(1-G567),2) | I567: 0 | J567: =ROUND(H567*I567,2) | K567: https://fapomoto.pl/produkty/p0306-pa491930-8-stage-rear-4-6-in-lift-shocks-for-2007-2018-jeep-wrangler-pa491930.html | L567: https://cdn.shopify.com/s/files/1/0764/7258/2395/files/10_25.jpg?v=1760074862 | M567: 9 | N567: fapomoto
A568: 567 | B568: p0317 | C568: PA491950 | D568: Off-Road | E568: Rear 9-Way Monotube Shocks for Jeep Wrangler JK 2007-2018 (4-6 in Lift) PA491950 | F568: 1745 | G568: 0 | H568: =ROUND(F568*(1-G568),2) | I568: 0 | J568: =ROUND(H568*I568,2) | K568: https://fapomoto.pl/produkty/p0317-pa491950-rear-9-way-monotube-shocks-for-jeep-wrangler-jk-2007-2018-4-6-in-lift-pa491950.html | M568: 0 | N568: fapomoto
A569: 568 | B569: p0320 | C569: PA491950+PA291950 | D569: Off-Road | E569: 9-Stage Full Set 4-6 in Lift Shocks For Jeep Wrangler JK 2007-2018 | F569: 3022 | G569: 0 | H569: =ROUND(F569*(1-G569),2) | I569: 0 | J569: =ROUND(H569*I569,2) | K569: https://fapomoto.pl/produkty/p0320-pa491950-pa291950-9-stage-full-set-4-6-in-lift-shocks-for-jeep-wrangler-jk-2007-2018.html | M569: 0 | N569: fapomoto
A570: 569 | B570: p0275 | C570: PA560610 | D570: Off-Road | E570: FAPO Front 0-2.5 in Lift Shocks for 2007-2018 Jeep Wrangler PA560610 | F570: 515 | G570: 0 | H570: =ROUND(F570*(1-G570),2) | I570: 0 | J570: =ROUND(H570*I570,2) | K570: https://fapomoto.pl/produkty/p0275-pa560610-fapo-front-0-2-5-in-lift-shocks-for-2007-2018-jeep-wrangler-pa560610.html | L570: https://cdn.shopify.com/s/files/1/0764/7258/2395/files/PA560610_5.jpg?v=1760146204 | M570: 17 | N570: fapomoto
A571: 570 | B571: p0276 | C571: PA590311 | D571: Off-Road | E571: FAPO Rear 3.5-6.5 in Lift Shocks for 2002-2006 Chevrolet Avalanche 2500 PA590311 | F571: 515 | G571: 0 | H571: =ROUND(F571*(1-G571),2) | I571: 0 | J571: =ROUND(H571*I571,2) | K571: https://fapomoto.pl/produkty/p0276-pa590311-fapo-rear-3-5-6-5-in-lift-shocks-for-2002-2006-chevrolet-avalanche-2500-pa590311.html | L571: https://cdn.shopify.com/s/files/1/0764/7258/2395/files/PA590311_1.jpg?v=1760146184 | M571: 12 | N571: fapomoto
A572: 571 | B572: p0277 | C572: PA590512 | D572: Off-Road | E572: FAPO Rear 2-3.5 in Lift Shocks for 1994-2013 Dodge RAM 2500 3500 PA590512 | F572: 515 | G572: 0 | H572: =ROUND(F572*(1-G572),2) | I572: 0 | J572: =ROUND(H572*I572,2) | K572: https://fapomoto.pl/produkty/p0277-pa590512-fapo-rear-2-3-5-in-lift-shocks-for-1994-2013-dodge-ram-2500-3500-pa590512.html | L572: https://cdn.shopify.com/s/files/1/0764/7258/2395/files/PA590512_3.jpg?v=1760146168 | M572: 17 | N572: fapomoto
A573: 572 | B573: p0307 | C573: PA590532 | D573: Off-Road | E573: 8-Stage Rear 2-3.5 in Lift Shocks for 1994-2013 Dodge RAM 2500 3500 PA590532 | F573: 752 | G573: 0 | H573: =ROUND(F573*(1-G573),2) | I573: 0 | J573: =ROUND(H573*I573,2) | K573: https://fapomoto.pl/produkty/p0307-pa590532-8-stage-rear-2-3-5-in-lift-shocks-for-1994-2013-dodge-ram-2500-3500-pa590532.html | L573: https://cdn.shopify.com/s/files/1/0764/7258/2395/files/10_20_00f99b82-a236-49eb-b80a-8591d946d528.jpg?v=1760074896 | M573: 9 | N573: fapomoto
A574: 573 | B574: p0278 | C574: PA591611 | D574: Off-Road | E574: FAPO Rear 6.5-8 in Lift Shocks for 1997-2006 Jeep Wrangler PA591611 | F574: 515 | G574: 0 | H574: =ROUND(F574*(1-G574),2) | I574: 0 | J574: =ROUND(H574*I574,2) | K574: https://fapomoto.pl/produkty/p0278-pa591611-fapo-rear-6-5-8-in-lift-shocks-for-1997-2006-jeep-wrangler-pa591611.html | L574: https://cdn.shopify.com/s/files/1/0764/7258/2395/files/PA591611_7.jpg?v=1760146152 | M574: 17 | N574: fapomoto
A575: 574 | B575: p0500 | C575: PA591631 | D575: Off-Road | E575: 8-Stage Rear 6.5-8 in Lift Shocks for 1997-2006 Jeep Wrangler TJ PA591631 | F575: 657 | G575: 0 | H575: =ROUND(F575*(1-G575),2) | I575: 0 | J575: =ROUND(H575*I575,2) | K575: https://fapomoto.pl/produkty/p0500-pa591631-8-stage-rear-6-5-8-in-lift-shocks-for-1997-2006-jeep-wrangler-tj-pa591631.html | L575: https://cdn.shopify.com/s/files/1/0764/7258/2395/files/PA591631_1.jpg?v=1768369861 | M575: 17 | N575: fapomoto
A576: 575 | B576: p0352 | C576: PA660630 | D576: Off-Road | E576: 8-Stage Rear 3-4.5 in Lift Shocks for 2007-2018 Jeep Wrangler JK 2Pcs Set PA660630 | F576: 752 | G576: 0 | H576: =ROUND(F576*(1-G576),2) | I576: 0 | J576: =ROUND(H576*I576,2) | K576: https://fapomoto.pl/produkty/p0352-pa660630-8-stage-rear-3-4-5-in-lift-shocks-for-2007-2018-jeep-wrangler-jk-2pcs-set-pa660630.html | L576: https://cdn.shopify.com/s/files/1/0764/7258/2395/files/PA660630_0005_61IrY57wSdL._AC_SL1500.jpg?v=1762417848 | M576: 11 | N576: fapomoto
A577: 576 | B577: p0503 | C577: PA791830 | D577: Off-Road | E577: 8-Stage Rear 3.5-4 in Lift Shocks for 2018-2021 Jeep Wrangler JL PA791830 | F577: 657 | G577: 0 | H577: =ROUND(F577*(1-G577),2) | I577: 0 | J577: =ROUND(H577*I577,2) | K577: https://fapomoto.pl/produkty/p0503-pa791830-8-stage-rear-3-5-4-in-lift-shocks-for-2018-2021-jeep-wrangler-jl-pa791830.html | L577: https://cdn.shopify.com/s/files/1/0764/7258/2395/files/PA791830_1.jpg?v=1768369655 | M577: 17 | N577: fapomoto
A578: 577 | B578: p0501 | C578: PA891630 | D578: Off-Road | E578: 8-Stage Rear 2-3 in Lift Shocks for 1984-2001 Jeep Cherokee XJ PA891630 | F578: 657 | G578: 0 | H578: =ROUND(F578*(1-G578),2) | I578: 0 | J578: =ROUND(H578*I578,2) | K578: https://fapomoto.pl/produkty/p0501-pa891630-8-stage-rear-2-3-in-lift-shocks-for-1984-2001-jeep-cherokee-xj-pa891630.html | L578: https://cdn.shopify.com/s/files/1/0764/7258/2395/files/PA891630_3.jpg?v=1768369611 | M578: 17 | N578: fapomoto
A579: 578 | B579: p0516 | C579: PJ060610 | D579: Off-Road | E579: FAPO P3 2.0 Steering Stabilizer For Jeep Wrangler JK 2007-2018 | F579: 374 | G579: 0 | H579: =ROUND(F579*(1-G579),2) | I579: 0 | J579: =ROUND(H579*I579,2) | K579: https://fapomoto.pl/produkty/p0516-pj060610-fapo-p3-2-0-steering-stabilizer-for-jeep-wrangler-jk-2007-2018.html | L579: https://cdn.shopify.com/s/files/1/0764/7258/2395/files/PJ060610_1.jpg?v=1768619230 | M579: 8 | N579: fapomoto
A580: 579 | B580: p0510 | C580: PJ062610 | D580: Off-Road | E580: Dual Steering Stabilizer for Jeep Wrangler JL 2018-2022 for Gladiator JT 2020-2022 2.0 Tube | F580: 563 | G580: 0 | H580: =ROUND(F580*(1-G580),2) | I580: 0 | J580: =ROUND(H580*I580,2) | K580: https://fapomoto.pl/produkty/p0510-pj062610-dual-steering-stabilizer-for-jeep-wrangler-jl-2018-2022-for-gladiator-jt-2020-2022-2-0-tube.html | L580: https://cdn.shopify.com/s/files/1/0764/7258/2395/files/PJ062610_1.jpg?v=1768552000 | M580: 6 | N580: fapomoto
A581: 580 | B581: p0512 | C581: PJ064410 | D581: Off-Road | E581: FAPO P3 2.0 Steering Stabilizer For Jeep Wrangler TJ 1997-2006 PJ064410 | F581: 374 | G581: 0 | H581: =ROUND(F581*(1-G581),2) | I581: 0 | J581: =ROUND(H581*I581,2) | K581: https://fapomoto.pl/produkty/p0512-pj064410-fapo-p3-2-0-steering-stabilizer-for-jeep-wrangler-tj-1997-2006-pj064410.html | L581: https://cdn.shopify.com/s/files/1/0764/7258/2395/files/PJ064410_1.jpg?v=1768616063 | M581: 8 | N581: fapomoto
... A630: 629 | B630: p0156 | C630: TD04L | D630: Turbo | E630: 750HP Twin Turbos TD04L 17T FOR BMW N54 335i 335xi 335is E90 E91 E92 E93 3.0L FT100210+FT100220 | F630: 4251 | G630: 0 | H630: =ROUND(F630*(1-G630),2) | I630: 0 | J630: =ROUND(H630*I630,2) | K630: https://fapomoto.pl/produkty/p0156-td04l-750hp-twin-turbos-td04l-17t-for-bmw-n54-335i-335xi-335is-e90-e91-e92-e93-3-0l-ft100210-ft100220.html | L630: https://cdn.shopify.com/s/files/1/0764/7258/2395/files/8050a5dae071eb14.jpg?v=1756367151 | M630: 10 | N630: fapomoto

Sheet Warunki
A1: FAPO Polska - warunki do oferty
A3: Ceny | B3: Ceny w PLN według aktualnego katalogu FAPO Polska. Arkusz nie rozdziela automatycznie wartości netto/brutto.
A4: Kalkulacja | B4: Wpisz ilość i ewentualny rabat przy wybranych pozycjach. Wartość pozycji i suma oferty liczą się automatycznie.
A5: Gwarancja | B5: Standardowa gwarancja: 12 miesięcy. Dla kwalifikujących się produktów możliwe rozszerzenie do 24 miesięcy.
A6: Zwroty | B6: Zwrot wymaga wcześniejszej autoryzacji RA. Standardowo do 30 dni od doręczenia, zgodnie z polityką FAPO Polska.
A7: Realizacja | B7: Przetwarzanie zamówień zwykle 1-2 dni robocze. Dostawa po nadaniu zwykle 2-7 dni roboczych.
A8: Kontakt | B8: office@fapomoto.pl | info@fapomoto.pl
A9: Dane firmy | B9: FAPO Polska | ul. Bokserska 59 lok. 17, 02-690 Warszawa | NIP 9512184841 | REGON 141812444
